item_id	source_file	source_line_start	source_line_end	doc_type	noise_flags	field_key	issue_tags	annotator_a_value_ok	annotator_b_value_ok	adjudicated_value_status
第1册1-00005-usage_raw	restricted_source/第1册1.md	34	41	FORMULA_ENTRY_NOISY	markdown_field_heading	usage_raw	strict_miss|markdown_heading_noise|doc_type_noisy	yes	yes	accepted_as_is
第1册1-00031-usage_raw	restricted_source/第1册1.md	233	241	FORMULA_ENTRY_NOISY	markdown_field_heading	usage_raw	strict_miss|markdown_heading_noise|doc_type_noisy	yes	yes	accepted_as_is
第1册1-00036-usage_raw	restricted_source/第1册1.md	270	276	FORMULA_ENTRY_NOISY	markdown_field_heading	usage_raw	strict_miss|markdown_heading_noise|doc_type_noisy	yes	yes	accepted_as_is
第1册1-00039-usage_raw	restricted_source/第1册1.md	293	299	FORMULA_ENTRY_NOISY	markdown_field_heading	usage_raw	strict_miss|markdown_heading_noise|doc_type_noisy	yes	yes	accepted_as_is
第1册1-00129-usage_raw	restricted_source/第1册1.md	1055	1061	FORMULA_ENTRY_NOISY	markdown_field_heading	usage_raw	strict_miss|markdown_heading_noise|doc_type_noisy	no	no	corrected
第1册1-00230-usage_raw	restricted_source/第1册1.md	1838	1844	FORMULA_ENTRY_NOISY	markdown_field_heading	usage_raw	strict_miss|markdown_heading_noise|doc_type_noisy	yes	yes	accepted_as_is
第1册1-00255-usage_raw	restricted_source/第1册1.md	2038	2045	FORMULA_ENTRY_NOISY	markdown_field_heading	usage_raw	strict_miss|markdown_heading_noise|doc_type_noisy	yes	yes	accepted_as_is
第1册1-00261-usage_raw	restricted_source/第1册1.md	2080	2086	FORMULA_ENTRY_NOISY	markdown_field_heading	usage_raw	strict_miss|markdown_heading_noise|doc_type_noisy	yes	yes	accepted_as_is
第1册1-00359-usage_raw	restricted_source/第1册1.md	2842	2850	FORMULA_ENTRY_NOISY	markdown_field_heading	usage_raw	strict_miss|markdown_heading_noise|doc_type_noisy	no	no	corrected
第1册1-00449-usage_raw	restricted_source/第1册1.md	3609	3617	FORMULA_ENTRY_NOISY	markdown_field_heading	usage_raw	strict_miss|markdown_heading_noise|doc_type_noisy	yes	yes	accepted_as_is
第1册1-00469-usage_raw	restricted_source/第1册1.md	3757	3774	FORMULA_ENTRY_NOISY	markdown_field_heading	usage_raw	strict_miss|markdown_heading_noise|doc_type_noisy	yes	yes	accepted_as_is
第1册1-00479-usage_raw	restricted_source/第1册1.md	3825	3831	FORMULA_ENTRY_NOISY	markdown_field_heading	usage_raw	strict_miss|markdown_heading_noise|doc_type_noisy	yes	yes	accepted_as_is
第1册1-00548-usage_raw	restricted_source/第1册1.md	4359	4365	FORMULA_ENTRY_NOISY	markdown_field_heading	usage_raw	strict_miss|markdown_heading_noise|doc_type_noisy	yes	yes	accepted_as_is
第1册1-00644-usage_raw	restricted_source/第1册1.md	4906	4914	FORMULA_ENTRY_NOISY	markdown_field_heading	usage_raw	strict_miss|markdown_heading_noise|doc_type_noisy	yes	yes	accepted_as_is
第1册1-00778-usage_raw	restricted_source/第1册1.md	5880	5887	FORMULA_ENTRY_NOISY	markdown_field_heading	usage_raw	strict_miss|markdown_heading_noise|doc_type_noisy	yes	yes	accepted_as_is
第1册1-00947-usage_raw	restricted_source/第1册1.md	7080	7086	FORMULA_ENTRY_NOISY	markdown_field_heading	usage_raw	strict_miss|markdown_heading_noise|doc_type_noisy	yes	yes	accepted_as_is
第1册1-00948-usage_raw	restricted_source/第1册1.md	7086	7094	FORMULA_ENTRY_NOISY	markdown_field_heading	usage_raw	strict_miss|markdown_heading_noise|doc_type_noisy	no	no	corrected
第1册1-00956-usage_raw	restricted_source/第1册1.md	7163	7171	FORMULA_ENTRY_NOISY	markdown_field_heading	usage_raw	strict_miss|markdown_heading_noise|doc_type_noisy	no	no	corrected
第1册1-00982-usage_raw	restricted_source/第1册1.md	7382	7390	FORMULA_ENTRY_NOISY	markdown_field_heading	usage_raw	strict_miss|markdown_heading_noise|doc_type_noisy	no	no	corrected
第1册1-00998-usage_raw	restricted_source/第1册1.md	7498	7504	FORMULA_ENTRY_NOISY	markdown_field_heading	usage_raw	strict_miss|markdown_heading_noise|doc_type_noisy	yes	yes	accepted_as_is
第1册1-00999-usage_raw	restricted_source/第1册1.md	7504	7513	FORMULA_ENTRY_NOISY	markdown_field_heading	usage_raw	strict_miss|markdown_heading_noise|doc_type_noisy	yes	yes	accepted_as_is
第1册1-01003-usage_raw	restricted_source/第1册1.md	7562	7568	FORMULA_ENTRY_NOISY	markdown_field_heading	usage_raw	strict_miss|markdown_heading_noise|doc_type_noisy	yes	yes	accepted_as_is
第1册1-01033-usage_raw	restricted_source/第1册1.md	7773	7783	FORMULA_ENTRY_NOISY	markdown_field_heading	usage_raw	strict_miss|markdown_heading_noise|doc_type_noisy	yes	yes	accepted_as_is
第1册1-01034-usage_raw	restricted_source/第1册1.md	7784	7792	FORMULA_ENTRY_NOISY	markdown_field_heading	usage_raw	strict_miss|markdown_heading_noise|doc_type_noisy	yes	yes	accepted_as_is
第1册1-01036-usage_raw	restricted_source/第1册1.md	7796	7802	FORMULA_ENTRY_NOISY	markdown_field_heading	usage_raw	strict_miss|markdown_heading_noise|doc_type_noisy	yes	yes	accepted_as_is
第1册1-01063-usage_raw	restricted_source/第1册1.md	7957	7963	FORMULA_ENTRY_NOISY	markdown_field_heading	usage_raw	strict_miss|markdown_heading_noise|doc_type_noisy	yes	yes	accepted_as_is
第1册1-01246-usage_raw	restricted_source/第1册1.md	9365	9373	FORMULA_ENTRY_NOISY	markdown_field_heading	usage_raw	strict_miss|markdown_heading_noise|doc_type_noisy	yes	yes	accepted_as_is
第1册1-01282-usage_raw	restricted_source/第1册1.md	9659	9667	FORMULA_ENTRY_NOISY	markdown_field_heading	usage_raw	strict_miss|markdown_heading_noise|doc_type_noisy	yes	yes	accepted_as_is
第1册2-00025-usage_raw	restricted_source/第1册2.md	175	181	FORMULA_ENTRY_NOISY	markdown_field_heading	usage_raw	strict_miss|markdown_heading_noise|doc_type_noisy	yes	yes	accepted_as_is
第1册2-00032-usage_raw	restricted_source/第1册2.md	209	216	FORMULA_ENTRY_NOISY	markdown_field_heading	usage_raw	strict_miss|markdown_heading_noise|doc_type_noisy	yes	yes	accepted_as_is
第1册2-00033-usage_raw	restricted_source/第1册2.md	217	223	FORMULA_ENTRY_NOISY	markdown_field_heading	usage_raw	strict_miss|markdown_heading_noise|doc_type_noisy	yes	yes	accepted_as_is
第1册2-00036-usage_raw	restricted_source/第1册2.md	237	243	FORMULA_ENTRY_NOISY	markdown_field_heading	usage_raw	strict_miss|markdown_heading_noise|doc_type_noisy	yes	yes	accepted_as_is
第1册2-00046-usage_raw	restricted_source/第1册2.md	317	328	FORMULA_ENTRY_NOISY	markdown_field_heading	usage_raw	strict_miss|markdown_heading_noise|doc_type_noisy	yes	yes	accepted_as_is
第1册2-00048-usage_raw	restricted_source/第1册2.md	338	346	FORMULA_ENTRY_NOISY	markdown_field_heading	usage_raw	strict_miss|markdown_heading_noise|doc_type_noisy	yes	yes	accepted_as_is
第1册2-00149-usage_raw	restricted_source/第1册2.md	1160	1176	FORMULA_ENTRY_NOISY	markdown_field_heading	usage_raw	strict_miss|markdown_heading_noise|doc_type_noisy	yes	yes	accepted_as_is
第1册2-00152-usage_raw	restricted_source/第1册2.md	1188	1194	FORMULA_ENTRY_NOISY	markdown_field_heading	usage_raw	strict_miss|markdown_heading_noise|doc_type_noisy	yes	yes	accepted_as_is
第1册2-00423-usage_raw	restricted_source/第1册2.md	3159	3166	FORMULA_ENTRY_NOISY	markdown_field_heading	usage_raw	strict_miss|markdown_heading_noise|doc_type_noisy	yes	yes	accepted_as_is
第1册2-00453-usage_raw	restricted_source/第1册2.md	3386	3396	FORMULA_ENTRY_NOISY	markdown_field_heading	usage_raw	strict_miss|markdown_heading_noise|doc_type_noisy	yes	yes	accepted_as_is
第1册2-00523-usage_raw	restricted_source/第1册2.md	3919	3927	FORMULA_ENTRY_NOISY	markdown_field_heading	usage_raw	strict_miss|markdown_heading_noise|doc_type_noisy	yes	yes	accepted_as_is
第1册2-00559-usage_raw	restricted_source/第1册2.md	4221	4227	FORMULA_ENTRY_NOISY	markdown_field_heading	usage_raw	strict_miss|markdown_heading_noise|doc_type_noisy	yes	yes	accepted_as_is
第1册2-00562-usage_raw	restricted_source/第1册2.md	4243	4249	FORMULA_ENTRY_NOISY	markdown_field_heading	usage_raw	strict_miss|markdown_heading_noise|doc_type_noisy	yes	yes	accepted_as_is
第1册2-00582-usage_raw	restricted_source/第1册2.md	4399	4405	FORMULA_ENTRY_NOISY	markdown_field_heading	usage_raw	strict_miss|markdown_heading_noise|doc_type_noisy	yes	yes	accepted_as_is
第1册2-00595-usage_raw	restricted_source/第1册2.md	4503	4514	FORMULA_ENTRY_NOISY	markdown_field_heading	usage_raw	strict_miss|markdown_heading_noise|doc_type_noisy	yes	yes	accepted_as_is
第1册2-00616-usage_raw	restricted_source/第1册2.md	4671	4679	FORMULA_ENTRY_NOISY	markdown_field_heading	usage_raw	strict_miss|markdown_heading_noise|doc_type_noisy	no	no	corrected
第1册2-00618-usage_raw	restricted_source/第1册2.md	4691	4699	FORMULA_ENTRY_NOISY	markdown_field_heading	usage_raw	strict_miss|markdown_heading_noise|doc_type_noisy	yes	yes	accepted_as_is
第1册2-00624-usage_raw	restricted_source/第1册2.md	4735	4741	FORMULA_ENTRY_NOISY	markdown_field_heading	usage_raw	strict_miss|markdown_heading_noise|doc_type_noisy	yes	yes	accepted_as_is
第1册2-00684-usage_raw	restricted_source/第1册2.md	5206	5214	FORMULA_ENTRY_NOISY	markdown_field_heading	usage_raw	strict_miss|markdown_heading_noise|doc_type_noisy	yes	yes	accepted_as_is
第1册2-00792-usage_raw	restricted_source/第1册2.md	6048	6057	FORMULA_ENTRY_NOISY	markdown_field_heading	usage_raw	strict_miss|markdown_heading_noise|doc_type_noisy	yes	yes	accepted_as_is
第1册2-00812-usage_raw	restricted_source/第1册2.md	6191	6199	FORMULA_ENTRY_NOISY	markdown_field_heading	usage_raw	strict_miss|markdown_heading_noise|doc_type_noisy	yes	yes	accepted_as_is
第1册2-00849-usage_raw	restricted_source/第1册2.md	6469	6477	FORMULA_ENTRY_NOISY	markdown_field_heading	usage_raw	strict_miss|markdown_heading_noise|doc_type_noisy	yes	yes	accepted_as_is
第1册2-00925-usage_raw	restricted_source/第1册2.md	7068	7075	FORMULA_ENTRY_NOISY	markdown_field_heading	usage_raw	strict_miss|markdown_heading_noise|doc_type_noisy	yes	yes	accepted_as_is
第1册2-01013-usage_raw	restricted_source/第1册2.md	7762	7772	FORMULA_ENTRY_NOISY	markdown_field_heading	usage_raw	strict_miss|markdown_heading_noise|doc_type_noisy	yes	yes	accepted_as_is
第1册2-01014-usage_raw	restricted_source/第1册2.md	7772	7778	FORMULA_ENTRY_NOISY	markdown_field_heading	usage_raw	strict_miss|markdown_heading_noise|doc_type_noisy	yes	yes	accepted_as_is
第1册2-01017-usage_raw	restricted_source/第1册2.md	7798	7804	FORMULA_ENTRY_NOISY	markdown_field_heading	usage_raw	strict_miss|markdown_heading_noise|doc_type_noisy	yes	yes	accepted_as_is
第1册2-01021-usage_raw	restricted_source/第1册2.md	7822	7829	FORMULA_ENTRY_NOISY	markdown_field_heading	usage_raw	strict_miss|markdown_heading_noise|doc_type_noisy	no	no	corrected
第1册2-01064-usage_raw	restricted_source/第1册2.md	8156	8162	FORMULA_ENTRY_NOISY	markdown_field_heading	usage_raw	strict_miss|markdown_heading_noise|doc_type_noisy	yes	yes	accepted_as_is
第1册2-01065-usage_raw	restricted_source/第1册2.md	8162	8170	FORMULA_ENTRY_NOISY	markdown_field_heading	usage_raw	strict_miss|markdown_heading_noise|doc_type_noisy	yes	yes	accepted_as_is
第1册2-01072-usage_raw	restricted_source/第1册2.md	8206	8212	FORMULA_ENTRY_NOISY	markdown_field_heading	usage_raw	strict_miss|markdown_heading_noise|doc_type_noisy	yes	yes	accepted_as_is
第1册2-01111-usage_raw	restricted_source/第1册2.md	8504	8510	FORMULA_ENTRY_NOISY	markdown_field_heading	usage_raw	strict_miss|markdown_heading_noise|doc_type_noisy	yes	yes	accepted_as_is
第1册2-01114-usage_raw	restricted_source/第1册2.md	8526	8533	FORMULA_ENTRY_NOISY	markdown_field_heading	usage_raw	strict_miss|markdown_heading_noise|doc_type_noisy	yes	yes	accepted_as_is
第1册1-00034-efficacy_raw	restricted_source/第1册1.md	254	263	FORMULA_ENTRY_NOISY	markdown_field_heading	efficacy_raw	strict_miss|markdown_heading_noise|doc_type_noisy	no	no	corrected
第1册1-00041-efficacy_raw	restricted_source/第1册1.md	306	314	FORMULA_ENTRY_NOISY	markdown_field_heading	efficacy_raw	strict_miss|markdown_heading_noise|doc_type_noisy	yes	yes	accepted_as_is
第1册1-00062-efficacy_raw	restricted_source/第1册1.md	470	482	FORMULA_ENTRY_NOISY	markdown_field_heading	efficacy_raw	strict_miss|markdown_heading_noise|doc_type_noisy	yes	yes	accepted_as_is
第1册1-00066-efficacy_raw	restricted_source/第1册1.md	504	515	FORMULA_ENTRY_NOISY	markdown_field_heading	efficacy_raw	strict_miss|markdown_heading_noise|doc_type_noisy	yes	yes	accepted_as_is
第1册1-00077-efficacy_raw	restricted_source/第1册1.md	589	597	FORMULA_ENTRY_NOISY	markdown_field_heading	efficacy_raw	strict_miss|markdown_heading_noise|doc_type_noisy	yes	yes	accepted_as_is
第1册1-00100-efficacy_raw	restricted_source/第1册1.md	798	809	FORMULA_ENTRY_NOISY	markdown_field_heading	efficacy_raw	strict_miss|markdown_heading_noise|doc_type_noisy	yes	yes	accepted_as_is
第1册1-00115-efficacy_raw	restricted_source/第1册1.md	917	929	FORMULA_ENTRY_NOISY	markdown_field_heading	efficacy_raw	strict_miss|markdown_heading_noise|doc_type_noisy	yes	yes	accepted_as_is
第1册1-00122-efficacy_raw	restricted_source/第1册1.md	977	1003	FORMULA_ENTRY_NOISY	markdown_field_heading	efficacy_raw	strict_miss|markdown_heading_noise|doc_type_noisy	yes	yes	accepted_as_is
第1册1-00136-efficacy_raw	restricted_source/第1册1.md	1104	1113	FORMULA_ENTRY_NOISY	markdown_field_heading	efficacy_raw	strict_miss|markdown_heading_noise|doc_type_noisy	yes	yes	accepted_as_is
第1册1-00198-efficacy_raw	restricted_source/第1册1.md	1585	1599	FORMULA_ENTRY_NOISY	markdown_field_heading	efficacy_raw	strict_miss|markdown_heading_noise|doc_type_noisy	yes	yes	accepted_as_is
第1册1-00201-efficacy_raw	restricted_source/第1册1.md	1614	1624	FORMULA_ENTRY_NOISY	markdown_field_heading	efficacy_raw	strict_miss|markdown_heading_noise|doc_type_noisy	yes	yes	accepted_as_is
第1册1-00221-efficacy_raw	restricted_source/第1册1.md	1758	1766	FORMULA_ENTRY_NOISY	markdown_field_heading	efficacy_raw	strict_miss|markdown_heading_noise|doc_type_noisy	yes	yes	accepted_as_is
第1册1-00228-efficacy_raw	restricted_source/第1册1.md	1815	1825	FORMULA_ENTRY_NOISY	markdown_field_heading	efficacy_raw	strict_miss|markdown_heading_noise|doc_type_noisy	yes	yes	accepted_as_is
第1册1-00234-efficacy_raw	restricted_source/第1册1.md	1860	1870	FORMULA_ENTRY_NOISY	markdown_field_heading	efficacy_raw	strict_miss|markdown_heading_noise|doc_type_noisy	yes	yes	accepted_as_is
第1册1-00260-efficacy_raw	restricted_source/第1册1.md	2072	2080	FORMULA_ENTRY_NOISY	markdown_field_heading	efficacy_raw	strict_miss|markdown_heading_noise|doc_type_noisy	yes	yes	accepted_as_is
第1册1-00269-efficacy_raw	restricted_source/第1册1.md	2142	2151	FORMULA_ENTRY_NOISY	markdown_field_heading	efficacy_raw	strict_miss|markdown_heading_noise|doc_type_noisy	yes	yes	accepted_as_is
第1册1-00273-efficacy_raw	restricted_source/第1册1.md	2166	2178	FORMULA_ENTRY_NOISY	markdown_field_heading	efficacy_raw	strict_miss|markdown_heading_noise|doc_type_noisy	yes	yes	accepted_as_is
第1册1-00296-efficacy_raw	restricted_source/第1册1.md	2377	2389	FORMULA_ENTRY_NOISY	markdown_field_heading	efficacy_raw	strict_miss|markdown_heading_noise|doc_type_noisy	yes	yes	accepted_as_is
第1册1-00298-efficacy_raw	restricted_source/第1册1.md	2393	2403	FORMULA_ENTRY_NOISY	markdown_field_heading	efficacy_raw	strict_miss|markdown_heading_noise|doc_type_noisy	yes	yes	accepted_as_is
第1册1-00340-efficacy_raw	restricted_source/第1册1.md	2687	2697	FORMULA_ENTRY_NOISY	markdown_field_heading	efficacy_raw	strict_miss|markdown_heading_noise|doc_type_noisy	yes	yes	accepted_as_is
第1册1-00349-efficacy_raw	restricted_source/第1册1.md	2751	2761	FORMULA_ENTRY_NOISY	markdown_field_heading	efficacy_raw	strict_miss|markdown_heading_noise|doc_type_noisy	yes	yes	accepted_as_is
第1册1-00364-efficacy_raw	restricted_source/第1册1.md	2878	2900	FORMULA_ENTRY_NOISY	markdown_field_heading	efficacy_raw	strict_miss|markdown_heading_noise|doc_type_noisy	yes	yes	accepted_as_is
第1册1-00380-efficacy_raw	restricted_source/第1册1.md	3024	3038	FORMULA_ENTRY_NOISY	markdown_field_heading	efficacy_raw	strict_miss|markdown_heading_noise|doc_type_noisy	yes	yes	accepted_as_is
第1册1-00388-efficacy_raw	restricted_source/第1册1.md	3100	3110	FORMULA_ENTRY_NOISY	markdown_field_heading	efficacy_raw	strict_miss|markdown_heading_noise|doc_type_noisy	yes	yes	accepted_as_is
第1册1-00405-efficacy_raw	restricted_source/第1册1.md	3252	3260	FORMULA_ENTRY_NOISY	markdown_field_heading	efficacy_raw	strict_miss|markdown_heading_noise|doc_type_noisy	yes	yes	accepted_as_is
第1册1-00430-efficacy_raw	restricted_source/第1册1.md	3444	3454	FORMULA_ENTRY_NOISY	markdown_field_heading	efficacy_raw	strict_miss|markdown_heading_noise|doc_type_noisy	yes	yes	accepted_as_is
第1册1-00500-efficacy_raw	restricted_source/第1册1.md	3985	3995	FORMULA_ENTRY_NOISY	markdown_field_heading	efficacy_raw	strict_miss|markdown_heading_noise|doc_type_noisy	yes	yes	accepted_as_is
第1册1-00524-efficacy_raw	restricted_source/第1册1.md	4176	4186	FORMULA_ENTRY_NOISY	markdown_field_heading	efficacy_raw	strict_miss|markdown_heading_noise|doc_type_noisy	yes	yes	accepted_as_is
第1册1-00525-efficacy_raw	restricted_source/第1册1.md	4187	4197	FORMULA_ENTRY_NOISY	markdown_field_heading	efficacy_raw	strict_miss|markdown_heading_noise|doc_type_noisy	yes	yes	accepted_as_is
第1册1-00527-efficacy_raw	restricted_source/第1册1.md	4203	4210	FORMULA_ENTRY_NOISY	markdown_field_heading	efficacy_raw	strict_miss|markdown_heading_noise|doc_type_noisy	yes	yes	accepted_as_is
第1册1-00577-efficacy_raw	restricted_source/第1册1.md	4556	4566	FORMULA_ENTRY_NOISY	markdown_field_heading	efficacy_raw	strict_miss|markdown_heading_noise|doc_type_noisy	yes	yes	accepted_as_is
第1册1-00624-efficacy_raw	restricted_source/第1册1.md	4811	4818	FORMULA_ENTRY_NOISY	markdown_field_heading	efficacy_raw	strict_miss|markdown_heading_noise|doc_type_noisy	yes	yes	accepted_as_is
第1册1-00704-efficacy_raw	restricted_source/第1册1.md	5344	5354	FORMULA_ENTRY_NOISY	markdown_field_heading	efficacy_raw	strict_miss|markdown_heading_noise|doc_type_noisy	yes	yes	accepted_as_is
第1册1-00727-efficacy_raw	restricted_source/第1册1.md	5513	5525	FORMULA_ENTRY_NOISY	markdown_field_heading	efficacy_raw	strict_miss|markdown_heading_noise|doc_type_noisy	yes	yes	accepted_as_is
第1册1-00734-efficacy_raw	restricted_source/第1册1.md	5574	5580	FORMULA_ENTRY_NOISY	markdown_field_heading	efficacy_raw	strict_miss|markdown_heading_noise|doc_type_noisy	yes	yes	accepted_as_is
第1册1-00737-efficacy_raw	restricted_source/第1册1.md	5594	5610	FORMULA_ENTRY_NOISY	markdown_field_heading	efficacy_raw	strict_miss|markdown_heading_noise|doc_type_noisy	yes	yes	accepted_as_is
第1册1-00801-efficacy_raw	restricted_source/第1册1.md	6045	6053	FORMULA_ENTRY_NOISY	markdown_field_heading	efficacy_raw	strict_miss|markdown_heading_noise|doc_type_noisy	yes	yes	accepted_as_is
第1册1-00847-efficacy_raw	restricted_source/第1册1.md	6290	6298	FORMULA_ENTRY_NOISY	markdown_field_heading	efficacy_raw	strict_miss|markdown_heading_noise|doc_type_noisy	yes	yes	accepted_as_is
第1册1-00851-efficacy_raw	restricted_source/第1册1.md	6325	6337	FORMULA_ENTRY_NOISY	markdown_field_heading	efficacy_raw	strict_miss|markdown_heading_noise|doc_type_noisy	yes	yes	accepted_as_is
第1册1-00923-efficacy_raw	restricted_source/第1册1.md	6894	6910	FORMULA_ENTRY_NOISY	markdown_field_heading	efficacy_raw	strict_miss|markdown_heading_noise|doc_type_noisy	yes	yes	accepted_as_is
第1册1-00948-efficacy_raw	restricted_source/第1册1.md	7086	7094	FORMULA_ENTRY_NOISY	markdown_field_heading	efficacy_raw	strict_miss|markdown_heading_noise|doc_type_noisy	yes	yes	accepted_as_is
第1册1-00959-efficacy_raw	restricted_source/第1册1.md	7182	7193	FORMULA_ENTRY_NOISY	markdown_field_heading	efficacy_raw	strict_miss|markdown_heading_noise|doc_type_noisy	yes	yes	accepted_as_is
第1册1-00976-efficacy_raw	restricted_source/第1册1.md	7330	7338	FORMULA_ENTRY_NOISY	markdown_field_heading	efficacy_raw	strict_miss|markdown_heading_noise|doc_type_noisy	yes	yes	accepted_as_is
第1册1-01002-efficacy_raw	restricted_source/第1册1.md	7533	7561	FORMULA_ENTRY_NOISY	markdown_field_heading	efficacy_raw	strict_miss|markdown_heading_noise|doc_type_noisy	yes	yes	accepted_as_is
第1册1-01029-efficacy_raw	restricted_source/第1册1.md	7746	7753	FORMULA_ENTRY_NOISY	markdown_field_heading	efficacy_raw	strict_miss|markdown_heading_noise|doc_type_noisy	yes	yes	accepted_as_is
第1册1-01067-efficacy_raw	restricted_source/第1册1.md	7979	7995	FORMULA_ENTRY_NOISY	markdown_field_heading	efficacy_raw	strict_miss|markdown_heading_noise|doc_type_noisy	yes	yes	accepted_as_is
第1册1-01098-efficacy_raw	restricted_source/第1册1.md	8215	8229	FORMULA_ENTRY_NOISY	markdown_field_heading	efficacy_raw	strict_miss|markdown_heading_noise|doc_type_noisy	yes	yes	accepted_as_is
第1册1-01105-efficacy_raw	restricted_source/第1册1.md	8259	8269	FORMULA_ENTRY_NOISY	markdown_field_heading	efficacy_raw	strict_miss|markdown_heading_noise|doc_type_noisy	yes	yes	accepted_as_is
第1册1-01146-efficacy_raw	restricted_source/第1册1.md	8582	8590	FORMULA_ENTRY_NOISY	markdown_field_heading	efficacy_raw	strict_miss|markdown_heading_noise|doc_type_noisy	yes	yes	accepted_as_is
第1册1-01154-efficacy_raw	restricted_source/第1册1.md	8640	8648	FORMULA_ENTRY_NOISY	markdown_field_heading	efficacy_raw	strict_miss|markdown_heading_noise|doc_type_noisy	yes	yes	accepted_as_is
第1册1-01186-efficacy_raw	restricted_source/第1册1.md	8876	8901	FORMULA_ENTRY_NOISY	markdown_field_heading	efficacy_raw	strict_miss|markdown_heading_noise|doc_type_noisy	no	no	corrected
第1册1-01200-efficacy_raw	restricted_source/第1册1.md	9005	9015	FORMULA_ENTRY_NOISY	markdown_field_heading	efficacy_raw	strict_miss|markdown_heading_noise|doc_type_noisy	yes	yes	accepted_as_is
第1册1-01207-efficacy_raw	restricted_source/第1册1.md	9060	9072	FORMULA_ENTRY_NOISY	markdown_field_heading	efficacy_raw	strict_miss|markdown_heading_noise|doc_type_noisy	yes	yes	accepted_as_is
第1册1-01209-efficacy_raw	restricted_source/第1册1.md	9078	9095	FORMULA_ENTRY_NOISY	markdown_field_heading	efficacy_raw	strict_miss|markdown_heading_noise|doc_type_noisy	yes	yes	accepted_as_is
第1册1-01224-efficacy_raw	restricted_source/第1册1.md	9190	9198	FORMULA_ENTRY_NOISY	markdown_field_heading	efficacy_raw	strict_miss|markdown_heading_noise|doc_type_noisy	yes	yes	accepted_as_is
第1册1-01248-efficacy_raw	restricted_source/第1册1.md	9380	9388	FORMULA_ENTRY_NOISY	markdown_field_heading	efficacy_raw	strict_miss|markdown_heading_noise|doc_type_noisy	yes	yes	accepted_as_is
第1册1-01250-efficacy_raw	restricted_source/第1册1.md	9394	9403	FORMULA_ENTRY_NOISY	markdown_field_heading	efficacy_raw	strict_miss|markdown_heading_noise|doc_type_noisy	no	no	corrected
第1册1-01263-efficacy_raw	restricted_source/第1册1.md	9503	9519	FORMULA_ENTRY_NOISY	markdown_field_heading	efficacy_raw	strict_miss|markdown_heading_noise|doc_type_noisy	yes	yes	accepted_as_is
第1册1-01269-efficacy_raw	restricted_source/第1册1.md	9548	9556	FORMULA_ENTRY_NOISY	markdown_field_heading	efficacy_raw	strict_miss|markdown_heading_noise|doc_type_noisy	yes	yes	accepted_as_is
第1册1-01291-efficacy_raw	restricted_source/第1册1.md	9735	9745	FORMULA_ENTRY_NOISY	markdown_field_heading	efficacy_raw	strict_miss|markdown_heading_noise|doc_type_noisy	yes	yes	accepted_as_is
第1册1-00006-indication_raw	restricted_source/第1册1.md	41	53	FORMULA_ENTRY_NOISY	markdown_field_heading	indication_raw	strict_miss|markdown_heading_noise|doc_type_noisy	yes	yes	accepted_as_is
第1册1-00014-indication_raw	restricted_source/第1册1.md	104	111	FORMULA_ENTRY_NOISY	markdown_field_heading	indication_raw	strict_miss|markdown_heading_noise|doc_type_noisy	no	no	cleared_empty
第1册1-00017-indication_raw	restricted_source/第1册1.md	118	125	FORMULA_ENTRY_NOISY	markdown_field_heading	indication_raw	strict_miss|markdown_heading_noise|doc_type_noisy	yes	yes	accepted_as_is
第1册1-00018-indication_raw	restricted_source/第1册1.md	125	133	FORMULA_ENTRY_NOISY	markdown_field_heading	indication_raw	strict_miss|markdown_heading_noise|doc_type_noisy	yes	yes	accepted_as_is
第1册1-00023-indication_raw	restricted_source/第1册1.md	165	175	FORMULA_ENTRY_NOISY	markdown_field_heading	indication_raw	strict_miss|markdown_heading_noise|doc_type_noisy	yes	yes	accepted_as_is
第1册1-00033-indication_raw	restricted_source/第1册1.md	244	254	FORMULA_ENTRY_NOISY	markdown_field_heading	indication_raw	strict_miss|markdown_heading_noise|doc_type_noisy	yes	yes	accepted_as_is
第1册1-00034-indication_raw	restricted_source/第1册1.md	254	263	FORMULA_ENTRY_NOISY	markdown_field_heading	indication_raw	strict_miss|markdown_heading_noise|doc_type_noisy	yes	yes	accepted_as_is
第1册1-00045-indication_raw	restricted_source/第1册1.md	343	355	FORMULA_ENTRY_NOISY	markdown_field_heading	indication_raw	strict_miss|markdown_heading_noise|doc_type_noisy	yes	yes	accepted_as_is
第1册1-00046-indication_raw	restricted_source/第1册1.md	355	363	FORMULA_ENTRY_NOISY	markdown_field_heading	indication_raw	strict_miss|markdown_heading_noise|doc_type_noisy	yes	yes	accepted_as_is
第1册1-00051-indication_raw	restricted_source/第1册1.md	394	401	FORMULA_ENTRY_NOISY	markdown_field_heading	indication_raw	strict_miss|markdown_heading_noise|doc_type_noisy	yes	yes	accepted_as_is
第1册1-00054-indication_raw	restricted_source/第1册1.md	413	421	FORMULA_ENTRY_NOISY	markdown_field_heading	indication_raw	strict_miss|markdown_heading_noise|doc_type_noisy	yes	yes	accepted_as_is
第1册1-00060-indication_raw	restricted_source/第1册1.md	456	463	FORMULA_ENTRY_NOISY	markdown_field_heading	indication_raw	strict_miss|markdown_heading_noise|doc_type_noisy	yes	yes	accepted_as_is
第1册1-00067-indication_raw	restricted_source/第1册1.md	515	523	FORMULA_ENTRY_NOISY	markdown_field_heading	indication_raw	strict_miss|markdown_heading_noise|doc_type_noisy	yes	yes	accepted_as_is
第1册1-00068-indication_raw	restricted_source/第1册1.md	524	532	FORMULA_ENTRY_NOISY	markdown_field_heading	indication_raw	strict_miss|markdown_heading_noise|doc_type_noisy	yes	yes	accepted_as_is
第1册1-00070-indication_raw	restricted_source/第1册1.md	539	547	FORMULA_ENTRY_NOISY	markdown_field_heading	indication_raw	strict_miss|markdown_heading_noise|doc_type_noisy	yes	yes	accepted_as_is
第1册1-00074-indication_raw	restricted_source/第1册1.md	569	577	FORMULA_ENTRY_NOISY	markdown_field_heading	indication_raw	strict_miss|markdown_heading_noise|doc_type_noisy	yes	yes	accepted_as_is
第1册1-00083-indication_raw	restricted_source/第1册1.md	640	647	FORMULA_ENTRY_NOISY	markdown_field_heading	indication_raw	strict_miss|markdown_heading_noise|doc_type_noisy	yes	yes	accepted_as_is
第1册1-00103-indication_raw	restricted_source/第1册1.md	817	825	FORMULA_ENTRY_NOISY	markdown_field_heading	indication_raw	strict_miss|markdown_heading_noise|doc_type_noisy	yes	yes	accepted_as_is
第1册1-00110-indication_raw	restricted_source/第1册1.md	877	885	FORMULA_ENTRY_NOISY	markdown_field_heading	indication_raw	strict_miss|markdown_heading_noise|doc_type_noisy	yes	yes	accepted_as_is
第1册1-00121-indication_raw	restricted_source/第1册1.md	969	977	FORMULA_ENTRY_NOISY	markdown_field_heading	indication_raw	strict_miss|markdown_heading_noise|doc_type_noisy	yes	yes	accepted_as_is
第1册1-00129-indication_raw	restricted_source/第1册1.md	1055	1061	FORMULA_ENTRY_NOISY	markdown_field_heading	indication_raw	strict_miss|markdown_heading_noise|doc_type_noisy	yes	yes	accepted_as_is
第1册1-00130-indication_raw	restricted_source/第1册1.md	1061	1069	FORMULA_ENTRY_NOISY	markdown_field_heading	indication_raw	strict_miss|markdown_heading_noise|doc_type_noisy	yes	yes	accepted_as_is
第1册1-00138-indication_raw	restricted_source/第1册1.md	1116	1127	FORMULA_ENTRY_NOISY	markdown_field_heading	indication_raw	strict_miss|markdown_heading_noise|doc_type_noisy	yes	yes	accepted_as_is
第1册1-00141-indication_raw	restricted_source/第1册1.md	1140	1147	FORMULA_ENTRY_NOISY	markdown_field_heading	indication_raw	strict_miss|markdown_heading_noise|doc_type_noisy	yes	yes	accepted_as_is
第1册1-00142-indication_raw	restricted_source/第1册1.md	1147	1155	FORMULA_ENTRY_NOISY	markdown_field_heading	indication_raw	strict_miss|markdown_heading_noise|doc_type_noisy	yes	yes	accepted_as_is
第1册1-00155-indication_raw	restricted_source/第1册1.md	1255	1263	FORMULA_ENTRY_NOISY	markdown_field_heading	indication_raw	strict_miss|markdown_heading_noise|doc_type_noisy	yes	yes	accepted_as_is
第1册1-00158-indication_raw	restricted_source/第1册1.md	1285	1293	FORMULA_ENTRY_NOISY	markdown_field_heading	indication_raw	strict_miss|markdown_heading_noise|doc_type_noisy	yes	yes	accepted_as_is
第1册1-00159-indication_raw	restricted_source/第1册1.md	1294	1302	FORMULA_ENTRY_NOISY	markdown_field_heading	indication_raw	strict_miss|markdown_heading_noise|doc_type_noisy	yes	yes	accepted_as_is
第1册1-00161-indication_raw	restricted_source/第1册1.md	1308	1315	FORMULA_ENTRY_NOISY	markdown_field_heading	indication_raw	strict_miss|markdown_heading_noise|doc_type_noisy	yes	yes	accepted_as_is
第1册1-00163-indication_raw	restricted_source/第1册1.md	1323	1331	FORMULA_ENTRY_NOISY	markdown_field_heading	indication_raw	strict_miss|markdown_heading_noise|doc_type_noisy	yes	yes	accepted_as_is
第1册1-00164-indication_raw	restricted_source/第1册1.md	1331	1339	FORMULA_ENTRY_NOISY	markdown_field_heading	indication_raw	strict_miss|markdown_heading_noise|doc_type_noisy	yes	yes	accepted_as_is
第1册1-00167-indication_raw	restricted_source/第1册1.md	1350	1357	FORMULA_ENTRY_NOISY	markdown_field_heading	indication_raw	strict_miss|markdown_heading_noise|doc_type_noisy	yes	yes	accepted_as_is
第1册1-00185-indication_raw	restricted_source/第1册1.md	1483	1491	FORMULA_ENTRY_NOISY	markdown_field_heading	indication_raw	strict_miss|markdown_heading_noise|doc_type_noisy	yes	yes	accepted_as_is
第1册1-00204-indication_raw	restricted_source/第1册1.md	1637	1645	FORMULA_ENTRY_NOISY	markdown_field_heading	indication_raw	strict_miss|markdown_heading_noise|doc_type_noisy	yes	yes	accepted_as_is
第1册1-00205-indication_raw	restricted_source/第1册1.md	1645	1653	FORMULA_ENTRY_NOISY	markdown_field_heading	indication_raw	strict_miss|markdown_heading_noise|doc_type_noisy	yes	yes	accepted_as_is
第1册1-00216-indication_raw	restricted_source/第1册1.md	1721	1729	FORMULA_ENTRY_NOISY	markdown_field_heading	indication_raw	strict_miss|markdown_heading_noise|doc_type_noisy	yes	yes	accepted_as_is
第1册1-00218-indication_raw	restricted_source/第1册1.md	1736	1743	FORMULA_ENTRY_NOISY	markdown_field_heading	indication_raw	strict_miss|markdown_heading_noise|doc_type_noisy	yes	yes	accepted_as_is
第1册1-00223-indication_raw	restricted_source/第1册1.md	1779	1787	FORMULA_ENTRY_NOISY	markdown_field_heading	indication_raw	strict_miss|markdown_heading_noise|doc_type_noisy	yes	yes	accepted_as_is
第1册1-00229-indication_raw	restricted_source/第1册1.md	1825	1837	FORMULA_ENTRY_NOISY	markdown_field_heading	indication_raw	strict_miss|markdown_heading_noise|doc_type_noisy	yes	yes	accepted_as_is
第1册1-00231-indication_raw	restricted_source/第1册1.md	1844	1851	FORMULA_ENTRY_NOISY	markdown_field_heading	indication_raw	strict_miss|markdown_heading_noise|doc_type_noisy	yes	yes	accepted_as_is
第1册1-00238-indication_raw	restricted_source/第1册1.md	1894	1903	FORMULA_ENTRY_NOISY	markdown_field_heading	indication_raw	strict_miss|markdown_heading_noise|doc_type_noisy	yes	yes	accepted_as_is
第1册1-00240-indication_raw	restricted_source/第1册1.md	1912	1921	FORMULA_ENTRY_NOISY	markdown_field_heading	indication_raw	strict_miss|markdown_heading_noise|doc_type_noisy	yes	yes	accepted_as_is
第1册1-00283-indication_raw	restricted_source/第1册1.md	2259	2269	FORMULA_ENTRY_NOISY	markdown_field_heading	indication_raw	strict_miss|markdown_heading_noise|doc_type_noisy	no	no	corrected
第1册1-00285-indication_raw	restricted_source/第1册1.md	2279	2287	FORMULA_ENTRY_NOISY	markdown_field_heading	indication_raw	strict_miss|markdown_heading_noise|doc_type_noisy	yes	yes	accepted_as_is
第1册1-00287-indication_raw	restricted_source/第1册1.md	2295	2307	FORMULA_ENTRY_NOISY	markdown_field_heading	indication_raw	strict_miss|markdown_heading_noise|doc_type_noisy	yes	yes	accepted_as_is
第1册1-00290-indication_raw	restricted_source/第1册1.md	2326	2334	FORMULA_ENTRY_NOISY	markdown_field_heading	indication_raw	strict_miss|markdown_heading_noise|doc_type_noisy	yes	yes	accepted_as_is
第1册1-00293-indication_raw	restricted_source/第1册1.md	2351	2361	FORMULA_ENTRY_NOISY	markdown_field_heading	indication_raw	strict_miss|markdown_heading_noise|doc_type_noisy	yes	yes	accepted_as_is
第1册1-00295-indication_raw	restricted_source/第1册1.md	2369	2377	FORMULA_ENTRY_NOISY	markdown_field_heading	indication_raw	strict_miss|markdown_heading_noise|doc_type_noisy	yes	yes	accepted_as_is
第1册1-00317-indication_raw	restricted_source/第1册1.md	2525	2535	FORMULA_ENTRY_NOISY	markdown_field_heading	indication_raw	strict_miss|markdown_heading_noise|doc_type_noisy	yes	yes	accepted_as_is
第1册1-00318-indication_raw	restricted_source/第1册1.md	2535	2545	FORMULA_ENTRY_NOISY	markdown_field_heading	indication_raw	strict_miss|markdown_heading_noise|doc_type_noisy	yes	yes	accepted_as_is
第1册1-00320-indication_raw	restricted_source/第1册1.md	2553	2561	FORMULA_ENTRY_NOISY	markdown_field_heading	indication_raw	strict_miss|markdown_heading_noise|doc_type_noisy	yes	yes	accepted_as_is
第1册1-00333-indication_raw	restricted_source/第1册1.md	2633	2641	FORMULA_ENTRY_NOISY	markdown_field_heading	indication_raw	strict_miss|markdown_heading_noise|doc_type_noisy	yes	yes	accepted_as_is
第1册1-00347-indication_raw	restricted_source/第1册1.md	2731	2739	FORMULA_ENTRY_NOISY	markdown_field_heading	indication_raw	strict_miss|markdown_heading_noise|doc_type_noisy	yes	yes	accepted_as_is
第1册1-00358-indication_raw	restricted_source/第1册1.md	2837	2842	FORMULA_ENTRY_NOISY	markdown_field_heading	indication_raw	strict_miss|markdown_heading_noise|doc_type_noisy	yes	yes	accepted_as_is
第1册1-00359-indication_raw	restricted_source/第1册1.md	2842	2850	FORMULA_ENTRY_NOISY	markdown_field_heading	indication_raw	strict_miss|markdown_heading_noise|doc_type_noisy	yes	yes	accepted_as_is
第1册1-00360-indication_raw	restricted_source/第1册1.md	2850	2858	FORMULA_ENTRY_NOISY	markdown_field_heading	indication_raw	strict_miss|markdown_heading_noise|doc_type_noisy	yes	yes	accepted_as_is
第1册1-00361-indication_raw	restricted_source/第1册1.md	2858	2866	FORMULA_ENTRY_NOISY	markdown_field_heading	indication_raw	strict_miss|markdown_heading_noise|doc_type_noisy	yes	yes	accepted_as_is
第1册1-00378-indication_raw	restricted_source/第1册1.md	3000	3014	FORMULA_ENTRY_NOISY	markdown_field_heading	indication_raw	strict_miss|markdown_heading_noise|doc_type_noisy	yes	yes	accepted_as_is
第1册1-00398-indication_raw	restricted_source/第1册1.md	3208	3216	FORMULA_ENTRY_NOISY	markdown_field_heading	indication_raw	strict_miss|markdown_heading_noise|doc_type_noisy	no	no	cleared_empty
第1册1-00404-indication_raw	restricted_source/第1册1.md	3244	3252	FORMULA_ENTRY_NOISY	markdown_field_heading	indication_raw	strict_miss|markdown_heading_noise|doc_type_noisy	yes	yes	accepted_as_is
第1册1-00022-composition_raw	restricted_source/第1册1.md	154	165	FORMULA_ENTRY_NOISY	markdown_field_heading	composition_raw	strict_miss|markdown_heading_noise|doc_type_noisy	yes	yes	accepted_as_is
第1册1-00057-composition_raw	restricted_source/第1册1.md	438	444	FORMULA_ENTRY_NOISY	markdown_field_heading	composition_raw	strict_miss|markdown_heading_noise|doc_type_noisy	yes	yes	accepted_as_is
第1册1-00061-composition_raw	restricted_source/第1册1.md	463	469	FORMULA_ENTRY_NOISY	markdown_field_heading	composition_raw	strict_miss|markdown_heading_noise|doc_type_noisy	yes	yes	accepted_as_is
第1册1-00082-composition_raw	restricted_source/第1册1.md	634	640	FORMULA_ENTRY_NOISY	markdown_field_heading	composition_raw	strict_miss|markdown_heading_noise|doc_type_noisy	yes	yes	accepted_as_is
第1册1-00083-composition_raw	restricted_source/第1册1.md	640	647	FORMULA_ENTRY_NOISY	markdown_field_heading	composition_raw	strict_miss|markdown_heading_noise|doc_type_noisy	yes	yes	accepted_as_is
第1册1-00110-composition_raw	restricted_source/第1册1.md	877	885	FORMULA_ENTRY_NOISY	markdown_field_heading	composition_raw	strict_miss|markdown_heading_noise|doc_type_noisy	yes	yes	accepted_as_is
第1册1-00116-composition_raw	restricted_source/第1册1.md	930	938	FORMULA_ENTRY_NOISY	markdown_field_heading	composition_raw	strict_miss|markdown_heading_noise|doc_type_noisy	yes	yes	accepted_as_is
第1册1-00117-composition_raw	restricted_source/第1册1.md	938	944	FORMULA_ENTRY_NOISY	markdown_field_heading	composition_raw	strict_miss|markdown_heading_noise|doc_type_noisy	yes	yes	accepted_as_is
第1册1-00118-composition_raw	restricted_source/第1册1.md	944	957	FORMULA_ENTRY_NOISY	markdown_field_heading	composition_raw	strict_miss|markdown_heading_noise|doc_type_noisy	yes	yes	accepted_as_is
第1册1-00157-composition_raw	restricted_source/第1册1.md	1275	1285	FORMULA_ENTRY_NOISY	markdown_field_heading	composition_raw	strict_miss|markdown_heading_noise|doc_type_noisy	yes	yes	accepted_as_is
第1册1-00158-composition_raw	restricted_source/第1册1.md	1285	1293	FORMULA_ENTRY_NOISY	markdown_field_heading	composition_raw	strict_miss|markdown_heading_noise|doc_type_noisy	yes	yes	accepted_as_is
第1册1-00171-composition_raw	restricted_source/第1册1.md	1372	1379	FORMULA_ENTRY_NOISY	markdown_field_heading	composition_raw	strict_miss|markdown_heading_noise|doc_type_noisy	yes	yes	accepted_as_is
第1册1-00177-composition_raw	restricted_source/第1册1.md	1415	1431	FORMULA_ENTRY_NOISY	markdown_field_heading	composition_raw	strict_miss|markdown_heading_noise|doc_type_noisy	yes	yes	accepted_as_is
第1册1-00192-composition_raw	restricted_source/第1册1.md	1546	1554	FORMULA_ENTRY_NOISY	markdown_field_heading	composition_raw	strict_miss|markdown_heading_noise|doc_type_noisy	yes	yes	accepted_as_is
第1册1-00204-composition_raw	restricted_source/第1册1.md	1637	1645	FORMULA_ENTRY_NOISY	markdown_field_heading	composition_raw	strict_miss|markdown_heading_noise|doc_type_noisy	yes	yes	accepted_as_is
第1册1-00205-composition_raw	restricted_source/第1册1.md	1645	1653	FORMULA_ENTRY_NOISY	markdown_field_heading	composition_raw	strict_miss|markdown_heading_noise|doc_type_noisy	yes	yes	accepted_as_is
第1册1-00223-composition_raw	restricted_source/第1册1.md	1779	1787	FORMULA_ENTRY_NOISY	markdown_field_heading	composition_raw	strict_miss|markdown_heading_noise|doc_type_noisy	yes	yes	accepted_as_is
第1册1-00225-composition_raw	restricted_source/第1册1.md	1796	1800	FORMULA_ENTRY_NOISY	markdown_field_heading	composition_raw	strict_miss|markdown_heading_noise|doc_type_noisy	yes	yes	accepted_as_is
第1册1-00231-composition_raw	restricted_source/第1册1.md	1844	1851	FORMULA_ENTRY_NOISY	markdown_field_heading	composition_raw	strict_miss|markdown_heading_noise|doc_type_noisy	yes	yes	accepted_as_is
第1册1-00254-composition_raw	restricted_source/第1册1.md	2032	2038	FORMULA_ENTRY_NOISY	markdown_field_heading	composition_raw	strict_miss|markdown_heading_noise|doc_type_noisy	yes	yes	accepted_as_is
第1册1-00262-composition_raw	restricted_source/第1册1.md	2086	2092	FORMULA_ENTRY_NOISY	markdown_field_heading	composition_raw	strict_miss|markdown_heading_noise|doc_type_noisy	yes	yes	accepted_as_is
第1册1-00284-composition_raw	restricted_source/第1册1.md	2269	2279	FORMULA_ENTRY_NOISY	markdown_field_heading	composition_raw	strict_miss|markdown_heading_noise|doc_type_noisy	yes	yes	accepted_as_is
第1册1-00306-composition_raw	restricted_source/第1册1.md	2450	2456	FORMULA_ENTRY_NOISY	markdown_field_heading	composition_raw	strict_miss|markdown_heading_noise|doc_type_noisy	yes	yes	accepted_as_is
第1册1-00322-composition_raw	restricted_source/第1册1.md	2566	2572	FORMULA_ENTRY_NOISY	markdown_field_heading	composition_raw	strict_miss|markdown_heading_noise|doc_type_noisy	yes	yes	accepted_as_is
第1册1-00332-composition_raw	restricted_source/第1册1.md	2625	2633	FORMULA_ENTRY_NOISY	markdown_field_heading	composition_raw	strict_miss|markdown_heading_noise|doc_type_noisy	yes	yes	accepted_as_is
第1册1-00340-composition_raw	restricted_source/第1册1.md	2687	2697	FORMULA_ENTRY_NOISY	markdown_field_heading	composition_raw	strict_miss|markdown_heading_noise|doc_type_noisy	yes	yes	accepted_as_is
第1册1-00348-composition_raw	restricted_source/第1册1.md	2739	2751	FORMULA_ENTRY_NOISY	markdown_field_heading	composition_raw	strict_miss|markdown_heading_noise|doc_type_noisy	yes	yes	accepted_as_is
第1册1-00383-composition_raw	restricted_source/第1册1.md	3052	3062	FORMULA_ENTRY_NOISY	markdown_field_heading	composition_raw	strict_miss|markdown_heading_noise|doc_type_noisy	yes	yes	accepted_as_is
第1册1-00401-composition_raw	restricted_source/第1册1.md	3227	3233	FORMULA_ENTRY_NOISY	markdown_field_heading	composition_raw	strict_miss|markdown_heading_noise|doc_type_noisy	yes	yes	accepted_as_is
第1册1-00413-composition_raw	restricted_source/第1册1.md	3300	3310	FORMULA_ENTRY_NOISY	markdown_field_heading	composition_raw	strict_miss|markdown_heading_noise|doc_type_noisy	yes	yes	accepted_as_is
第1册1-00431-composition_raw	restricted_source/第1册1.md	3455	3465	FORMULA_ENTRY_NOISY	markdown_field_heading	composition_raw	strict_miss|markdown_heading_noise|doc_type_noisy	yes	yes	accepted_as_is
第1册1-00450-composition_raw	restricted_source/第1册1.md	3617	3623	FORMULA_ENTRY_NOISY	markdown_field_heading	composition_raw	strict_miss|markdown_heading_noise|doc_type_noisy	yes	yes	accepted_as_is
第1册1-00453-composition_raw	restricted_source/第1册1.md	3635	3641	FORMULA_ENTRY_NOISY	markdown_field_heading	composition_raw	strict_miss|markdown_heading_noise|doc_type_noisy	yes	yes	accepted_as_is
第1册1-00459-composition_raw	restricted_source/第1册1.md	3689	3695	FORMULA_ENTRY_NOISY	markdown_field_heading	composition_raw	strict_miss|markdown_heading_noise|doc_type_noisy	yes	yes	accepted_as_is
第1册1-00482-composition_raw	restricted_source/第1册1.md	3844	3852	FORMULA_ENTRY_NOISY	markdown_field_heading	composition_raw	strict_miss|markdown_heading_noise|doc_type_noisy	yes	yes	accepted_as_is
第1册1-00498-composition_raw	restricted_source/第1册1.md	3971	3982	FORMULA_ENTRY_NOISY	markdown_field_heading	composition_raw	strict_miss|markdown_heading_noise|doc_type_noisy	yes	yes	accepted_as_is
第1册1-00500-composition_raw	restricted_source/第1册1.md	3985	3995	FORMULA_ENTRY_NOISY	markdown_field_heading	composition_raw	strict_miss|markdown_heading_noise|doc_type_noisy	yes	yes	accepted_as_is
第1册1-00501-composition_raw	restricted_source/第1册1.md	3995	4002	FORMULA_ENTRY_NOISY	markdown_field_heading	composition_raw	strict_miss|markdown_heading_noise|doc_type_noisy	yes	yes	accepted_as_is
第1册1-00505-composition_raw	restricted_source/第1册1.md	4043	4048	FORMULA_ENTRY_NOISY	markdown_field_heading	composition_raw	strict_miss|markdown_heading_noise|doc_type_noisy	yes	yes	accepted_as_is
第1册1-00516-composition_raw	restricted_source/第1册1.md	4115	4120	FORMULA_ENTRY_NOISY	markdown_field_heading	composition_raw	strict_miss|markdown_heading_noise|doc_type_noisy	yes	yes	accepted_as_is
第1册1-00524-composition_raw	restricted_source/第1册1.md	4176	4186	FORMULA_ENTRY_NOISY	markdown_field_heading	composition_raw	strict_miss|markdown_heading_noise|doc_type_noisy	yes	yes	accepted_as_is
第1册1-00527-composition_raw	restricted_source/第1册1.md	4203	4210	FORMULA_ENTRY_NOISY	markdown_field_heading	composition_raw	strict_miss|markdown_heading_noise|doc_type_noisy	yes	yes	accepted_as_is
第1册1-00528-composition_raw	restricted_source/第1册1.md	4210	4218	FORMULA_ENTRY_NOISY	markdown_field_heading	composition_raw	strict_miss|markdown_heading_noise|doc_type_noisy	yes	yes	accepted_as_is
第1册1-00530-composition_raw	restricted_source/第1册1.md	4232	4238	FORMULA_ENTRY_NOISY	markdown_field_heading	composition_raw	strict_miss|markdown_heading_noise|doc_type_noisy	yes	yes	accepted_as_is
第1册1-00531-composition_raw	restricted_source/第1册1.md	4238	4244	FORMULA_ENTRY_NOISY	markdown_field_heading	composition_raw	strict_miss|markdown_heading_noise|doc_type_noisy	yes	yes	accepted_as_is
第1册1-00533-composition_raw	restricted_source/第1册1.md	4252	4262	FORMULA_ENTRY_NOISY	markdown_field_heading	composition_raw	strict_miss|markdown_heading_noise|doc_type_noisy	yes	yes	accepted_as_is
第1册1-00545-composition_raw	restricted_source/第1册1.md	4338	4346	FORMULA_ENTRY_NOISY	markdown_field_heading	composition_raw	strict_miss|markdown_heading_noise|doc_type_noisy	yes	yes	accepted_as_is
第1册1-00549-composition_raw	restricted_source/第1册1.md	4365	4371	FORMULA_ENTRY_NOISY	markdown_field_heading	composition_raw	strict_miss|markdown_heading_noise|doc_type_noisy	yes	yes	accepted_as_is
第1册1-00555-composition_raw	restricted_source/第1册1.md	4407	4414	FORMULA_ENTRY_NOISY	markdown_field_heading	composition_raw	strict_miss|markdown_heading_noise|doc_type_noisy	yes	yes	accepted_as_is
第1册1-00557-composition_raw	restricted_source/第1册1.md	4422	4430	FORMULA_ENTRY_NOISY	markdown_field_heading	composition_raw	strict_miss|markdown_heading_noise|doc_type_noisy	yes	yes	accepted_as_is
第1册1-00567-composition_raw	restricted_source/第1册1.md	4487	4493	FORMULA_ENTRY_NOISY	markdown_field_heading	composition_raw	strict_miss|markdown_heading_noise|doc_type_noisy	yes	yes	accepted_as_is
第1册1-00570-composition_raw	restricted_source/第1册1.md	4504	4512	FORMULA_ENTRY_NOISY	markdown_field_heading	composition_raw	strict_miss|markdown_heading_noise|doc_type_noisy	yes	yes	accepted_as_is
第1册1-00572-composition_raw	restricted_source/第1册1.md	4515	4521	FORMULA_ENTRY_NOISY	markdown_field_heading	composition_raw	strict_miss|markdown_heading_noise|doc_type_noisy	yes	yes	accepted_as_is
第1册1-00608-composition_raw	restricted_source/第1册1.md	4697	4703	FORMULA_ENTRY_NOISY	markdown_field_heading	composition_raw	strict_miss|markdown_heading_noise|doc_type_noisy	yes	yes	accepted_as_is
第1册1-00627-composition_raw	restricted_source/第1册1.md	4829	4835	FORMULA_ENTRY_NOISY	markdown_field_heading	composition_raw	strict_miss|markdown_heading_noise|doc_type_noisy	yes	yes	accepted_as_is
第1册1-00630-composition_raw	restricted_source/第1册1.md	4850	4858	FORMULA_ENTRY_NOISY	markdown_field_heading	composition_raw	strict_miss|markdown_heading_noise|doc_type_noisy	yes	yes	accepted_as_is
第1册1-00676-composition_raw	restricted_source/第1册1.md	5155	5165	FORMULA_ENTRY_NOISY	markdown_field_heading	composition_raw	strict_miss|markdown_heading_noise|doc_type_noisy	yes	yes	accepted_as_is
第1册1-00707-composition_raw	restricted_source/第1册1.md	5373	5381	FORMULA_ENTRY_NOISY	markdown_field_heading	composition_raw	strict_miss|markdown_heading_noise|doc_type_noisy	yes	yes	accepted_as_is
第1册1-00708-composition_raw	restricted_source/第1册1.md	5381	5389	FORMULA_ENTRY_NOISY	markdown_field_heading	composition_raw	strict_miss|markdown_heading_noise|doc_type_noisy	yes	yes	accepted_as_is
第1册1-00714-composition_raw	restricted_source/第1册1.md	5429	5437	FORMULA_ENTRY_NOISY	markdown_field_heading	composition_raw	strict_miss|markdown_heading_noise|doc_type_noisy	yes	yes	accepted_as_is
